Nucleotide,Protein_induced_form,Stabilizing_energy_ZDNA,Bending_Stiffness,Duplex_Stability_Free_Energy,DNA_denaturation,Propeller_Twist,Stacking_Energy
AA,2.9,3.9,35,-1.2,66.51,-18.66,-5.37
AC,2.3,4.6,60,-1.5,108.8,-13.1,-10.51
AG,2.1,3.4,60,-1.5,85.12,-14,-6.78
AT,1.6,5.9,20,-0.9,72.29,-15.01,-6.57
CA,9.8,1.3,60,-1.7,64.92,-9.45,-6.57
CC,6.1,2.4,130,-2.3,99.31,-8.11,-8.26
CG,12.1,0.7,85,-2.8,88.84,-10.03,-9.69
CT,2.1,3.4,60,-1.5,85.12,-14,-6.78
GA,4.5,3.4,60,-1.5,80.03,-13.48,-9.81
GC,4,4,85,-2.3,135.83,-11.08,-14.59
GG,6.1,2.4,130,-2.3,99.31,-8.11,-8.26
GT,2.3,4.6,60,-1.5,108.8,-13.1,-10.51
TA,6.3,2.5,20,-0.9,50.11,-11.85,-3.82
TC,4.5,3.4,60,-1.5,80.03,-13.48,-9.81
TG,9.8,1.3,60,-1.7,64.92,-9.45,-6.57
TT,2.9,3.9,35,-1.2,66.51,-18.66,-5.37
A-,0,0,0,0,0,-9.33,0
T-,0,0,0,0,0,-9.33,0
G-,0,0,0,0,0,-4.05,0
C-,0,0,0,0,0,-4.05,0
#NAME?,0,0,0,0,0,-9.33,0
#NAME?,0,0,0,0,0,-9.33,0
#NAME?,0,0,0,0,0,-4.05,0
-C,0,0,0,0,0,-4.05,0
--,0,0,0,0,0,0,0
